#node1	node2	node1_string_id	node2_string_id	neighborhood_on_chromosome	gene_fusion	phylogenetic_cooccurrence	homology	coexpression	experimentally_determined_interaction	database_annotated	automated_textmining	combined_score
ADIPOQ	SIRT4	9606.ENSP00000389814	9606.ENSP00000202967	0	0	0	0	0	0	0	0.402	0.402
ADIPOQ	SIRT1	9606.ENSP00000389814	9606.ENSP00000212015	0	0	0	0	0	0	0	0.686	0.687
ADIPOQ	RETN	9606.ENSP00000389814	9606.ENSP00000221515	0	0	0	0	0.228	0	0	0.919	0.935
ADIPOQ	NAMPT	9606.ENSP00000389814	9606.ENSP00000222553	0	0	0	0	0	0	0	0.860	0.860
ADIPOQ	SIRT2	9606.ENSP00000389814	9606.ENSP00000249396	0	0	0	0	0	0	0	0.404	0.404
ADIPOQ	ERP44	9606.ENSP00000389814	9606.ENSP00000262455	0	0	0	0	0	0	0	0.966	0.966
ADIPOQ	PPARGC1A	9606.ENSP00000389814	9606.ENSP00000264867	0	0	0	0	0	0	0.900	0.745	0.973
ADIPOQ	CDH13	9606.ENSP00000389814	9606.ENSP00000268613	0	0	0	0	0.065	0.302	0	0.989	0.992
ADIPOQ	PPARG	9606.ENSP00000389814	9606.ENSP00000287820	0	0	0	0	0.063	0	0.900	0.894	0.989
ADIPOQ	CEBPB	9606.ENSP00000389814	9606.ENSP00000305422	0	0	0	0	0.055	0	0.900	0.629	0.961
ADIPOQ	CMKLR1	9606.ENSP00000389814	9606.ENSP00000311733	0	0	0	0	0.062	0	0	0.454	0.465
ADIPOQ	CALR	9606.ENSP00000389814	9606.ENSP00000320866	0	0	0	0	0	0	0	0.957	0.957
ADIPOQ	MLXIPL	9606.ENSP00000389814	9606.ENSP00000320886	0	0	0	0	0	0	0.900	0.518	0.949
ADIPOQ	ITLN1	9606.ENSP00000389814	9606.ENSP00000323587	0	0	0	0	0	0	0	0.754	0.754
ADIPOQ	SIRT7	9606.ENSP00000389814	9606.ENSP00000329466	0	0	0	0	0	0	0	0.405	0.405
ADIPOQ	SIRT6	9606.ENSP00000389814	9606.ENSP00000337332	0	0	0	0	0	0	0	0.418	0.418
ADIPOQ	ADIPOR1	9606.ENSP00000389814	9606.ENSP00000341785	0	0	0	0	0	0	0.800	0.991	0.998
ADIPOQ	SERPINA12	9606.ENSP00000389814	9606.ENSP00000342109	0	0	0	0	0	0	0	0.718	0.718
ADIPOQ	ADIPOR2	9606.ENSP00000389814	9606.ENSP00000349616	0	0	0	0	0	0.213	0.800	0.990	0.998
ADIPOQ	TLR4	9606.ENSP00000389814	9606.ENSP00000363089	0	0	0	0	0.066	0	0	0.573	0.584
ADIPOQ	SIRT3	9606.ENSP00000389814	9606.ENSP00000372191	0	0	0	0	0	0	0	0.459	0.459
ADIPOQ	SIRT5	9606.ENSP00000389814	9606.ENSP00000476228	0	0	0	0	0	0	0	0.402	0.402
ADIPOQ	RARRES2	9606.ENSP00000389814	9606.ENSP00000418009	0	0	0	0	0.063	0	0	0.753	0.758
ADIPOQ	CEBPA	9606.ENSP00000389814	9606.ENSP00000427514	0	0	0	0	0.062	0	0.900	0.799	0.979
ADIPOR1	SIRT1	9606.ENSP00000341785	9606.ENSP00000212015	0	0	0	0	0	0	0	0.479	0.479
ADIPOR1	RETN	9606.ENSP00000341785	9606.ENSP00000221515	0	0	0	0	0	0	0	0.612	0.612
ADIPOR1	NAMPT	9606.ENSP00000341785	9606.ENSP00000222553	0.072	0	0	0	0	0	0	0.524	0.539
ADIPOR1	PPARGC1A	9606.ENSP00000341785	9606.ENSP00000264867	0	0	0	0	0	0	0	0.561	0.561
ADIPOR1	CDH13	9606.ENSP00000341785	9606.ENSP00000268613	0	0	0	0	0	0	0	0.800	0.800
ADIPOR1	PPARG	9606.ENSP00000341785	9606.ENSP00000287820	0	0	0	0	0	0.056	0	0.651	0.656
ADIPOR1	MLXIPL	9606.ENSP00000341785	9606.ENSP00000320886	0	0	0	0	0	0	0.900	0.171	0.913
ADIPOR1	RARRES2	9606.ENSP00000341785	9606.ENSP00000418009	0	0	0	0	0	0	0	0.460	0.460
ADIPOR1	ADIPOR2	9606.ENSP00000341785	9606.ENSP00000349616	0	0	0	0.972	0	0	0.800	0.992	0.805
ADIPOR1	ADIPOQ	9606.ENSP00000341785	9606.ENSP00000389814	0	0	0	0	0	0	0.800	0.991	0.998
ADIPOR2	SIRT1	9606.ENSP00000349616	9606.ENSP00000212015	0	0	0	0	0	0	0	0.425	0.425
ADIPOR2	RETN	9606.ENSP00000349616	9606.ENSP00000221515	0	0	0	0	0	0	0	0.611	0.611
ADIPOR2	NAMPT	9606.ENSP00000349616	9606.ENSP00000222553	0.072	0	0	0	0	0	0	0.508	0.523
ADIPOR2	PPARGC1A	9606.ENSP00000349616	9606.ENSP00000264867	0	0	0	0	0	0	0	0.505	0.505
ADIPOR2	CDH13	9606.ENSP00000349616	9606.ENSP00000268613	0	0	0	0	0	0	0	0.952	0.952
ADIPOR2	PPARG	9606.ENSP00000349616	9606.ENSP00000287820	0	0	0	0	0.062	0.056	0	0.636	0.649
ADIPOR2	MLXIPL	9606.ENSP00000349616	9606.ENSP00000320886	0	0	0	0	0	0	0.900	0.267	0.923
ADIPOR2	ADIPOR1	9606.ENSP00000349616	9606.ENSP00000341785	0	0	0	0.972	0	0	0.800	0.992	0.805
ADIPOR2	RARRES2	9606.ENSP00000349616	9606.ENSP00000418009	0	0	0	0	0.062	0	0	0.461	0.473
ADIPOR2	ADIPOQ	9606.ENSP00000349616	9606.ENSP00000389814	0	0	0	0	0	0.213	0.800	0.990	0.998
ARNTL	SIRT4	9606.ENSP00000384517	9606.ENSP00000202967	0	0	0	0	0	0.078	0	0.468	0.489
ARNTL	SIRT1	9606.ENSP00000384517	9606.ENSP00000212015	0	0	0	0	0	0.495	0.900	0.992	0.999
ARNTL	NAMPT	9606.ENSP00000384517	9606.ENSP00000222553	0	0	0	0	0	0	0.900	0.715	0.970
ARNTL	SIRT2	9606.ENSP00000384517	9606.ENSP00000249396	0	0	0	0	0	0.078	0	0.480	0.500
ARNTL	PPARGC1A	9606.ENSP00000384517	9606.ENSP00000264867	0	0	0	0	0	0	0.900	0.609	0.959
ARNTL	PPARG	9606.ENSP00000384517	9606.ENSP00000287820	0	0	0	0	0	0.213	0	0.588	0.663
ARNTL	CLOCK	9606.ENSP00000384517	9606.ENSP00000308741	0	0	0	0.649	0.065	0.998	0.900	0.996	0.999
ARNTL	SIRT7	9606.ENSP00000384517	9606.ENSP00000329466	0	0	0	0	0	0.078	0	0.477	0.497
ARNTL	SIRT6	9606.ENSP00000384517	9606.ENSP00000337332	0	0	0	0	0	0.078	0	0.718	0.730
ARNTL	NPAS2	9606.ENSP00000384517	9606.ENSP00000338283	0	0	0	0.644	0.065	0.971	0.900	0.995	0.998
ARNTL	SIRT3	9606.ENSP00000384517	9606.ENSP00000372191	0	0	0	0	0	0.078	0	0.528	0.546
ARNTL	CEBPA	9606.ENSP00000384517	9606.ENSP00000427514	0	0	0	0	0.051	0.141	0	0.333	0.408
ARNTL	SIRT5	9606.ENSP00000384517	9606.ENSP00000476228	0	0	0	0	0	0.113	0	0.469	0.509
BST1	SIRT4	9606.ENSP00000265016	9606.ENSP00000202967	0	0	0	0	0	0	0.650	0.556	0.837
BST1	SIRT1	9606.ENSP00000265016	9606.ENSP00000212015	0	0	0	0	0	0	0.650	0.464	0.804
BST1	NAMPT	9606.ENSP00000265016	9606.ENSP00000222553	0	0	0	0	0	0	0.900	0.581	0.956
BST1	CD38	9606.ENSP00000265016	9606.ENSP00000226279	0	0	0	0.855	0.062	0	0.900	0.773	0.913
BST1	SIRT2	9606.ENSP00000265016	9606.ENSP00000249396	0	0	0	0	0	0	0.650	0.517	0.823
BST1	NMRK1	9606.ENSP00000265016	9606.ENSP00000354387	0	0	0	0	0	0	0	0.513	0.513
BST1	SIRT3	9606.ENSP00000265016	9606.ENSP00000372191	0	0	0	0	0	0	0.650	0.519	0.824
BST1	SIRT6	9606.ENSP00000265016	9606.ENSP00000337332	0	0	0	0	0	0	0.650	0.520	0.824
BST1	SIRT7	9606.ENSP00000265016	9606.ENSP00000329466	0	0	0	0	0	0	0.650	0.556	0.837
BST1	SIRT5	9606.ENSP00000265016	9606.ENSP00000476228	0	0	0	0	0	0	0.650	0.556	0.837
BST1	NNMT	9606.ENSP00000265016	9606.ENSP00000441434	0	0	0	0	0	0	0.900	0.309	0.927
BST1	NMNAT2	9606.ENSP00000265016	9606.ENSP00000287713	0	0	0	0	0	0	0.900	0.450	0.942
BST1	NMNAT3	9606.ENSP00000265016	9606.ENSP00000340523	0	0	0	0	0	0	0.900	0.519	0.949
BST1	NMNAT1	9606.ENSP00000265016	9606.ENSP00000366410	0	0	0	0	0	0	0.900	0.510	0.949
CALR	ERP44	9606.ENSP00000320866	9606.ENSP00000262455	0	0	0	0	0.100	0.140	0	0.582	0.649
CALR	CDH13	9606.ENSP00000320866	9606.ENSP00000268613	0	0	0	0	0	0	0	0.656	0.656
CALR	CYCS	9606.ENSP00000320866	9606.ENSP00000307786	0	0	0	0	0	0	0	0.521	0.521
CALR	TLR4	9606.ENSP00000320866	9606.ENSP00000363089	0	0	0	0	0	0.071	0	0.744	0.752
CALR	ADIPOQ	9606.ENSP00000320866	9606.ENSP00000389814	0	0	0	0	0	0	0	0.957	0.957
CALR	HSPA5	9606.ENSP00000320866	9606.ENSP00000324173	0	0	0	0	0.880	0.789	0.650	0.894	0.998
CAP1	DCN	9606.ENSP00000361883	9606.ENSP00000052754	0	0	0	0	0.062	0.057	0	0.379	0.403
CAP1	RETN	9606.ENSP00000361883	9606.ENSP00000221515	0	0	0	0	0	0	0	0.982	0.982
CAP1	TLR4	9606.ENSP00000361883	9606.ENSP00000363089	0	0	0	0	0.062	0.057	0	0.579	0.595
CCL19	RARRES2	9606.ENSP00000308815	9606.ENSP00000418009	0	0	0	0	0.066	0	0	0.440	0.454
CCL19	TLR4	9606.ENSP00000308815	9606.ENSP00000363089	0	0	0	0	0.080	0	0	0.456	0.478
CCL19	CMKLR1	9606.ENSP00000308815	9606.ENSP00000311733	0	0	0	0	0.136	0	0	0.436	0.491
CCL19	CCRL2	9606.ENSP00000308815	9606.ENSP00000349967	0	0	0	0	0.076	0	0.800	0.941	0.988
CCRL2	CD38	9606.ENSP00000349967	9606.ENSP00000226279	0	0	0	0	0.071	0	0	0.520	0.535
CCRL2	CCL19	9606.ENSP00000349967	9606.ENSP00000308815	0	0	0	0	0.076	0	0.800	0.941	0.988
CCRL2	CMKLR1	9606.ENSP00000349967	9606.ENSP00000311733	0	0	0	0.587	0.133	0	0	0.767	0.404
CCRL2	TLR4	9606.ENSP00000349967	9606.ENSP00000363089	0	0	0	0	0.170	0	0	0.460	0.533
CCRL2	RARRES2	9606.ENSP00000349967	9606.ENSP00000418009	0	0	0	0	0	0	0	0.986	0.986
CD38	SIRT4	9606.ENSP00000226279	9606.ENSP00000202967	0	0	0	0	0	0	0.650	0.518	0.824
CD38	SIRT1	9606.ENSP00000226279	9606.ENSP00000212015	0	0	0	0	0	0	0.650	0.505	0.819
CD38	NAMPT	9606.ENSP00000226279	9606.ENSP00000222553	0	0	0	0	0	0	0.900	0.523	0.950
CD38	TLR4	9606.ENSP00000226279	9606.ENSP00000363089	0	0	0	0	0.083	0	0	0.403	0.429
CD38	CCRL2	9606.ENSP00000226279	9606.ENSP00000349967	0	0	0	0	0.071	0	0	0.520	0.535
CD38	SIRT2	9606.ENSP00000226279	9606.ENSP00000249396	0	0	0	0	0	0	0.650	0.504	0.818
CD38	SIRT7	9606.ENSP00000226279	9606.ENSP00000329466	0	0	0	0	0	0	0.650	0.517	0.823
CD38	SIRT6	9606.ENSP00000226279	9606.ENSP00000337332	0	0	0	0	0	0	0.650	0.517	0.823
CD38	SIRT5	9606.ENSP00000226279	9606.ENSP00000476228	0	0	0	0	0	0	0.650	0.518	0.824
CD38	SIRT3	9606.ENSP00000226279	9606.ENSP00000372191	0	0	0	0	0	0	0.650	0.518	0.824
CD38	BST1	9606.ENSP00000226279	9606.ENSP00000265016	0	0	0	0.855	0.062	0	0.900	0.773	0.913
CD38	NNMT	9606.ENSP00000226279	9606.ENSP00000441434	0	0	0	0	0	0	0.900	0.261	0.922
CD38	NMNAT2	9606.ENSP00000226279	9606.ENSP00000287713	0	0	0	0	0	0	0.900	0.364	0.933
CD38	NMNAT3	9606.ENSP00000226279	9606.ENSP00000340523	0	0	0	0	0	0	0.900	0.364	0.933
CD38	NMNAT1	9606.ENSP00000226279	9606.ENSP00000366410	0	0	0	0	0	0	0.900	0.447	0.942
CDH13	CALR	9606.ENSP00000268613	9606.ENSP00000320866	0	0	0	0	0	0	0	0.656	0.656
CDH13	ADIPOR1	9606.ENSP00000268613	9606.ENSP00000341785	0	0	0	0	0	0	0	0.800	0.800
CDH13	ADIPOR2	9606.ENSP00000268613	9606.ENSP00000349616	0	0	0	0	0	0	0	0.952	0.952
CDH13	HSPA5	9606.ENSP00000268613	9606.ENSP00000324173	0	0	0	0	0	0	0	0.963	0.963
CDH13	ADIPOQ	9606.ENSP00000268613	9606.ENSP00000389814	0	0	0	0	0.065	0.302	0	0.989	0.992
CEBPA	SIRT1	9606.ENSP00000427514	9606.ENSP00000212015	0	0	0	0	0	0.095	0	0.550	0.575
CEBPA	RETN	9606.ENSP00000427514	9606.ENSP00000221515	0	0	0	0	0.098	0	0	0.564	0.590
CEBPA	PPARGC1A	9606.ENSP00000427514	9606.ENSP00000264867	0	0	0	0	0	0	0.900	0.637	0.962
CEBPA	PPARG	9606.ENSP00000427514	9606.ENSP00000287820	0	0	0	0	0.062	0.069	0.900	0.949	0.995
CEBPA	CEBPB	9606.ENSP00000427514	9606.ENSP00000305422	0	0	0	0.753	0.134	0.686	0.900	0.957	0.977
CEBPA	MLXIPL	9606.ENSP00000427514	9606.ENSP00000320886	0	0	0	0	0.062	0.148	0	0.391	0.470
CEBPA	TLR4	9606.ENSP00000427514	9606.ENSP00000363089	0	0	0	0	0.092	0	0	0.391	0.423
CEBPA	ARNTL	9606.ENSP00000427514	9606.ENSP00000384517	0	0	0	0	0.051	0.141	0	0.333	0.408
CEBPA	ADIPOQ	9606.ENSP00000427514	9606.ENSP00000389814	0	0	0	0	0.062	0	0.900	0.799	0.979
CEBPB	SIRT1	9606.ENSP00000305422	9606.ENSP00000212015	0	0	0	0	0	0.095	0	0.480	0.510
CEBPB	RETN	9606.ENSP00000305422	9606.ENSP00000221515	0	0	0	0	0.065	0	0	0.421	0.435
CEBPB	PPARGC1A	9606.ENSP00000305422	9606.ENSP00000264867	0	0	0	0	0	0	0	0.650	0.650
CEBPB	PPARG	9606.ENSP00000305422	9606.ENSP00000287820	0	0	0	0	0.062	0.501	0.900	0.943	0.997
CEBPB	HSPA5	9606.ENSP00000305422	9606.ENSP00000324173	0	0	0	0	0	0	0	0.402	0.402
CEBPB	TLR4	9606.ENSP00000305422	9606.ENSP00000363089	0	0	0	0	0.097	0	0	0.612	0.635
CEBPB	ADIPOQ	9606.ENSP00000305422	9606.ENSP00000389814	0	0	0	0	0.055	0	0.900	0.629	0.961
CEBPB	CEBPA	9606.ENSP00000305422	9606.ENSP00000427514	0	0	0	0.753	0.134	0.686	0.900	0.957	0.977
CHCHD4	TIMM13	9606.ENSP00000295767	9606.ENSP00000215570	0	0	0	0	0.131	0.606	0.900	0.894	0.995
CHCHD4	GFER	9606.ENSP00000295767	9606.ENSP00000248114	0	0	0	0	0.063	0.838	0.800	0.994	0.999
CHCHD4	COX17	9606.ENSP00000295767	9606.ENSP00000261070	0	0	0	0	0.089	0.771	0.900	0.974	0.999
CHCHD4	CYCS	9606.ENSP00000295767	9606.ENSP00000307786	0	0	0	0	0.172	0.119	0	0.762	0.812
CHCHD4	TIMM8B	9606.ENSP00000295767	9606.ENSP00000438455	0	0	0	0	0.113	0.166	0.900	0.647	0.970
CHCHD4	COX19	9606.ENSP00000295767	9606.ENSP00000342015	0	0	0	0	0.062	0.182	0.900	0.907	0.991
CHCHD4	TIMM8A	9606.ENSP00000295767	9606.ENSP00000361993	0	0	0	0	0.118	0.376	0.900	0.875	0.992
CLOCK	SIRT4	9606.ENSP00000308741	9606.ENSP00000202967	0	0	0	0	0	0.078	0	0.494	0.514
CLOCK	SIRT1	9606.ENSP00000308741	9606.ENSP00000212015	0	0	0	0	0	0.495	0.900	0.989	0.999
CLOCK	NAMPT	9606.ENSP00000308741	9606.ENSP00000222553	0	0	0	0	0.062	0	0.900	0.706	0.970
CLOCK	SIRT2	9606.ENSP00000308741	9606.ENSP00000249396	0	0	0	0	0	0.078	0	0.470	0.491
CLOCK	PPARGC1A	9606.ENSP00000308741	9606.ENSP00000264867	0	0	0	0	0	0	0.650	0.513	0.822
CLOCK	PPARG	9606.ENSP00000308741	9606.ENSP00000287820	0	0	0	0	0	0.213	0	0.559	0.638
CLOCK	NMNAT1	9606.ENSP00000308741	9606.ENSP00000366410	0	0	0	0	0	0	0	0.411	0.410
CLOCK	SIRT7	9606.ENSP00000308741	9606.ENSP00000329466	0	0	0	0	0	0.078	0	0.504	0.523
CLOCK	SIRT3	9606.ENSP00000308741	9606.ENSP00000372191	0	0	0	0	0	0.078	0	0.508	0.527
CLOCK	SIRT5	9606.ENSP00000308741	9606.ENSP00000476228	0	0	0	0	0	0.113	0	0.502	0.539
CLOCK	SIRT6	9606.ENSP00000308741	9606.ENSP00000337332	0	0	0	0	0	0.078	0	0.534	0.552
CLOCK	NPAS2	9606.ENSP00000308741	9606.ENSP00000338283	0	0	0	0.932	0	0.408	0.900	0.977	0.942
CLOCK	ARNTL	9606.ENSP00000308741	9606.ENSP00000384517	0	0	0	0.649	0.065	0.998	0.900	0.996	0.999
CMKLR1	GFER	9606.ENSP00000311733	9606.ENSP00000248114	0	0	0	0	0	0	0	0.506	0.506
CMKLR1	PPARG	9606.ENSP00000311733	9606.ENSP00000287820	0	0	0	0	0.060	0.056	0	0.420	0.441
CMKLR1	CCL19	9606.ENSP00000311733	9606.ENSP00000308815	0	0	0	0	0.136	0	0	0.436	0.491
CMKLR1	CCRL2	9606.ENSP00000311733	9606.ENSP00000349967	0	0	0	0.587	0.133	0	0	0.767	0.404
CMKLR1	SERPINA12	9606.ENSP00000311733	9606.ENSP00000342109	0	0	0	0	0	0.056	0	0.413	0.422
CMKLR1	ADIPOQ	9606.ENSP00000311733	9606.ENSP00000389814	0	0	0	0	0.062	0	0	0.454	0.465
CMKLR1	RARRES2	9606.ENSP00000311733	9606.ENSP00000418009	0	0	0	0	0	0	0	0.991	0.992
COX17	TIMM13	9606.ENSP00000261070	9606.ENSP00000215570	0	0	0	0	0.143	0.133	0.900	0.786	0.982
COX17	GFER	9606.ENSP00000261070	9606.ENSP00000248114	0	0	0	0	0.084	0.171	0.900	0.889	0.990
COX17	CYCS	9606.ENSP00000261070	9606.ENSP00000307786	0	0	0	0	0.116	0	0	0.484	0.524
COX17	TIMM8B	9606.ENSP00000261070	9606.ENSP00000438455	0	0	0	0	0.241	0	0.900	0.485	0.957
COX17	TIMM8A	9606.ENSP00000261070	9606.ENSP00000361993	0	0	0	0	0.168	0	0.900	0.677	0.970
COX17	COX19	9606.ENSP00000261070	9606.ENSP00000342015	0	0	0	0	0.187	0	0.900	0.964	0.996
COX17	CHCHD4	9606.ENSP00000261070	9606.ENSP00000295767	0	0	0	0	0.089	0.771	0.900	0.974	0.999
COX19	TIMM13	9606.ENSP00000342015	9606.ENSP00000215570	0	0	0	0	0.062	0	0.900	0.770	0.976
COX19	GFER	9606.ENSP00000342015	9606.ENSP00000248114	0	0	0	0	0.062	0	0.900	0.870	0.986
COX19	COX17	9606.ENSP00000342015	9606.ENSP00000261070	0	0	0	0	0.187	0	0.900	0.964	0.996
COX19	CHCHD4	9606.ENSP00000342015	9606.ENSP00000295767	0	0	0	0	0.062	0.182	0.900	0.907	0.991
COX19	CYCS	9606.ENSP00000342015	9606.ENSP00000307786	0	0	0	0	0.063	0	0.900	0.393	0.938
COX19	TIMM8B	9606.ENSP00000342015	9606.ENSP00000438455	0	0	0	0	0.064	0	0.900	0.258	0.924
COX19	TIMM8A	9606.ENSP00000342015	9606.ENSP00000361993	0	0	0	0	0.064	0	0.900	0.632	0.962
CYCS	SIRT4	9606.ENSP00000307786	9606.ENSP00000202967	0	0	0	0	0.057	0	0	0.488	0.496
CYCS	SIRT1	9606.ENSP00000307786	9606.ENSP00000212015	0	0	0	0	0.057	0	0	0.709	0.714
CYCS	GFER	9606.ENSP00000307786	9606.ENSP00000248114	0	0	0	0	0.064	0.172	0	0.954	0.962
CYCS	SIRT2	9606.ENSP00000307786	9606.ENSP00000249396	0	0	0	0	0.057	0	0	0.479	0.488
CYCS	COX17	9606.ENSP00000307786	9606.ENSP00000261070	0	0	0	0	0.116	0	0	0.484	0.524
CYCS	ERP44	9606.ENSP00000307786	9606.ENSP00000262455	0	0	0	0	0.062	0.157	0	0.346	0.438
CYCS	PPARGC1A	9606.ENSP00000307786	9606.ENSP00000264867	0	0	0	0	0	0	0	0.698	0.698
CYCS	PPARG	9606.ENSP00000307786	9606.ENSP00000287820	0	0	0	0	0	0	0	0.560	0.560
CYCS	CHCHD4	9606.ENSP00000307786	9606.ENSP00000295767	0	0	0	0	0.172	0.119	0	0.762	0.812
CYCS	TIMM8A	9606.ENSP00000307786	9606.ENSP00000361993	0	0	0	0	0.213	0	0	0.344	0.462
CYCS	TLR4	9606.ENSP00000307786	9606.ENSP00000363089	0	0	0	0	0.062	0	0	0.469	0.480
CYCS	SIRT6	9606.ENSP00000307786	9606.ENSP00000337332	0	0	0	0	0.062	0	0	0.471	0.482
CYCS	SIRT7	9606.ENSP00000307786	9606.ENSP00000329466	0	0	0	0	0.062	0	0	0.475	0.486
CYCS	CALR	9606.ENSP00000307786	9606.ENSP00000320866	0	0	0	0	0	0	0	0.521	0.521
CYCS	SIRT3	9606.ENSP00000307786	9606.ENSP00000372191	0	0	0	0	0.094	0	0	0.576	0.600
CYCS	HSPA5	9606.ENSP00000307786	9606.ENSP00000324173	0	0	0	0	0.088	0	0	0.700	0.715
CYCS	COX19	9606.ENSP00000307786	9606.ENSP00000342015	0	0	0	0	0.063	0	0.900	0.393	0.938
CYCS	SIRT5	9606.ENSP00000307786	9606.ENSP00000476228	0	0	0	0	0.060	0	0.900	0.597	0.958
DCN	CAP1	9606.ENSP00000052754	9606.ENSP00000361883	0	0	0	0	0.062	0.057	0	0.379	0.403
DCN	TLR4	9606.ENSP00000052754	9606.ENSP00000363089	0	0	0	0.574	0.062	0.066	0.800	0.462	0.845
DCN	RETN	9606.ENSP00000052754	9606.ENSP00000221515	0	0	0	0	0.062	0	0	0.964	0.965
ERP44	CYCS	9606.ENSP00000262455	9606.ENSP00000307786	0	0	0	0	0.062	0.157	0	0.346	0.438
ERP44	HSPA5	9606.ENSP00000262455	9606.ENSP00000324173	0	0	0	0	0.140	0.171	0	0.530	0.635
ERP44	CALR	9606.ENSP00000262455	9606.ENSP00000320866	0	0	0	0	0.100	0.140	0	0.582	0.649
ERP44	ADIPOQ	9606.ENSP00000262455	9606.ENSP00000389814	0	0	0	0	0	0	0	0.966	0.966
GFER	TIMM13	9606.ENSP00000248114	9606.ENSP00000215570	0	0	0	0	0.086	0	0.900	0.856	0.985
GFER	CMKLR1	9606.ENSP00000248114	9606.ENSP00000311733	0	0	0	0	0	0	0	0.506	0.506
GFER	RARRES2	9606.ENSP00000248114	9606.ENSP00000418009	0	0	0	0	0	0	0	0.822	0.822
GFER	TIMM8B	9606.ENSP00000248114	9606.ENSP00000438455	0	0	0	0	0.062	0	0.900	0.507	0.949
GFER	CYCS	9606.ENSP00000248114	9606.ENSP00000307786	0	0	0	0	0.064	0.172	0	0.954	0.962
GFER	TIMM8A	9606.ENSP00000248114	9606.ENSP00000361993	0	0	0	0	0.062	0	0.900	0.774	0.976
GFER	COX19	9606.ENSP00000248114	9606.ENSP00000342015	0	0	0	0	0.062	0	0.900	0.870	0.986
GFER	COX17	9606.ENSP00000248114	9606.ENSP00000261070	0	0	0	0	0.084	0.171	0.900	0.889	0.990
GFER	CHCHD4	9606.ENSP00000248114	9606.ENSP00000295767	0	0	0	0	0.063	0.838	0.800	0.994	0.999
GPR1	RARRES2	9606.ENSP00000480405	9606.ENSP00000418009	0	0	0	0	0	0	0	0.988	0.988
HSPA5	SIRT1	9606.ENSP00000324173	9606.ENSP00000212015	0	0	0	0	0	0.183	0	0.455	0.536
HSPA5	ERP44	9606.ENSP00000324173	9606.ENSP00000262455	0	0	0	0	0.140	0.171	0	0.530	0.635
HSPA5	CDH13	9606.ENSP00000324173	9606.ENSP00000268613	0	0	0	0	0	0	0	0.963	0.963
HSPA5	PPARG	9606.ENSP00000324173	9606.ENSP00000287820	0	0	0	0	0	0.066	0	0.393	0.409
HSPA5	CEBPB	9606.ENSP00000324173	9606.ENSP00000305422	0	0	0	0	0	0	0	0.402	0.402
HSPA5	CYCS	9606.ENSP00000324173	9606.ENSP00000307786	0	0	0	0	0.088	0	0	0.700	0.715
HSPA5	CALR	9606.ENSP00000324173	9606.ENSP00000320866	0	0	0	0	0.880	0.789	0.650	0.894	0.998
HSPA5	ITLN1	9606.ENSP00000324173	9606.ENSP00000323587	0	0	0	0	0	0.230	0	0.381	0.503
HSPA5	SIRT3	9606.ENSP00000324173	9606.ENSP00000372191	0	0	0	0	0	0.183	0	0.302	0.405
HSPA5	TLR4	9606.ENSP00000324173	9606.ENSP00000363089	0	0	0	0	0.049	0.102	0	0.390	0.433
HSPA5	SERPINA12	9606.ENSP00000324173	9606.ENSP00000342109	0	0	0	0	0	0	0	0.983	0.983
ITLN1	RETN	9606.ENSP00000323587	9606.ENSP00000221515	0	0	0	0	0.065	0	0	0.755	0.761
ITLN1	NAMPT	9606.ENSP00000323587	9606.ENSP00000222553	0	0	0	0	0	0	0	0.801	0.801
ITLN1	HSPA5	9606.ENSP00000323587	9606.ENSP00000324173	0	0	0	0	0	0.230	0	0.381	0.503
ITLN1	ADIPOQ	9606.ENSP00000323587	9606.ENSP00000389814	0	0	0	0	0	0	0	0.754	0.754
ITLN1	RARRES2	9606.ENSP00000323587	9606.ENSP00000418009	0	0	0	0	0	0	0	0.802	0.802
ITLN1	SERPINA12	9606.ENSP00000323587	9606.ENSP00000342109	0	0	0	0	0	0	0	0.857	0.857
LTB4R	RARRES2	9606.ENSP00000380008	9606.ENSP00000418009	0	0	0	0	0	0	0	0.730	0.730
MLXIPL	SIRT1	9606.ENSP00000320886	9606.ENSP00000212015	0	0	0	0	0	0	0	0.501	0.501
MLXIPL	NAMPT	9606.ENSP00000320886	9606.ENSP00000222553	0	0	0	0	0	0	0	0.435	0.435
MLXIPL	PPARGC1A	9606.ENSP00000320886	9606.ENSP00000264867	0	0	0	0	0	0	0	0.680	0.680
MLXIPL	PPARG	9606.ENSP00000320886	9606.ENSP00000287820	0	0	0	0	0.062	0.104	0	0.694	0.720
MLXIPL	CEBPA	9606.ENSP00000320886	9606.ENSP00000427514	0	0	0	0	0.062	0.148	0	0.391	0.470
MLXIPL	ADIPOR1	9606.ENSP00000320886	9606.ENSP00000341785	0	0	0	0	0	0	0.900	0.171	0.913
MLXIPL	ADIPOR2	9606.ENSP00000320886	9606.ENSP00000349616	0	0	0	0	0	0	0.900	0.267	0.923
MLXIPL	ADIPOQ	9606.ENSP00000320886	9606.ENSP00000389814	0	0	0	0	0	0	0.900	0.518	0.949
NAMPT	SIRT4	9606.ENSP00000222553	9606.ENSP00000202967	0.074	0	0	0	0	0.101	0.900	0.778	0.979
NAMPT	SIRT1	9606.ENSP00000222553	9606.ENSP00000212015	0.074	0	0	0	0.062	0.101	0.900	0.832	0.984
NAMPT	RETN	9606.ENSP00000222553	9606.ENSP00000221515	0	0	0	0	0	0	0	0.873	0.873
NAMPT	MLXIPL	9606.ENSP00000222553	9606.ENSP00000320886	0	0	0	0	0	0	0	0.435	0.435
NAMPT	ADIPOR2	9606.ENSP00000222553	9606.ENSP00000349616	0.072	0	0	0	0	0	0	0.508	0.523
NAMPT	ADIPOR1	9606.ENSP00000222553	9606.ENSP00000341785	0.072	0	0	0	0	0	0	0.524	0.539
NAMPT	PPARG	9606.ENSP00000222553	9606.ENSP00000287820	0	0	0	0	0	0	0	0.567	0.567
NAMPT	PPARGC1A	9606.ENSP00000222553	9606.ENSP00000264867	0	0	0	0	0	0	0	0.622	0.622
NAMPT	RARRES2	9606.ENSP00000222553	9606.ENSP00000418009	0	0	0	0	0	0	0	0.748	0.748
NAMPT	TLR4	9606.ENSP00000222553	9606.ENSP00000363089	0	0	0	0	0.068	0	0	0.754	0.761
NAMPT	SERPINA12	9606.ENSP00000222553	9606.ENSP00000342109	0	0	0	0	0	0	0	0.767	0.767
NAMPT	ITLN1	9606.ENSP00000222553	9606.ENSP00000323587	0	0	0	0	0	0	0	0.801	0.801
NAMPT	ADIPOQ	9606.ENSP00000222553	9606.ENSP00000389814	0	0	0	0	0	0	0	0.860	0.860
NAMPT	CD38	9606.ENSP00000222553	9606.ENSP00000226279	0	0	0	0	0	0	0.900	0.523	0.950
NAMPT	NNMT	9606.ENSP00000222553	9606.ENSP00000441434	0	0	0	0	0	0	0.900	0.527	0.950
NAMPT	NPAS2	9606.ENSP00000222553	9606.ENSP00000338283	0	0	0	0	0.062	0	0.900	0.512	0.950
NAMPT	NMRK2	9606.ENSP00000222553	9606.ENSP00000480091	0.056	0	0	0	0.053	0.103	0.900	0.496	0.952
NAMPT	BST1	9606.ENSP00000222553	9606.ENSP00000265016	0	0	0	0	0	0	0.900	0.581	0.956
NAMPT	ARNTL	9606.ENSP00000222553	9606.ENSP00000384517	0	0	0	0	0	0	0.900	0.715	0.970
NAMPT	NMNAT2	9606.ENSP00000222553	9606.ENSP00000287713	0.135	0	0	0	0.062	0	0.900	0.680	0.970
NAMPT	CLOCK	9606.ENSP00000222553	9606.ENSP00000308741	0	0	0	0	0.062	0	0.900	0.706	0.970
NAMPT	NMRK1	9606.ENSP00000222553	9606.ENSP00000354387	0.056	0	0	0	0.062	0.103	0.900	0.694	0.971
NAMPT	SIRT7	9606.ENSP00000222553	9606.ENSP00000329466	0.074	0	0	0	0	0.101	0.900	0.745	0.975
NAMPT	NMNAT3	9606.ENSP00000222553	9606.ENSP00000340523	0.135	0	0	0	0.062	0	0.900	0.734	0.975
NAMPT	SIRT5	9606.ENSP00000222553	9606.ENSP00000476228	0.074	0	0	0	0.062	0.101	0.900	0.760	0.977
NAMPT	SIRT3	9606.ENSP00000222553	9606.ENSP00000372191	0.074	0	0	0	0	0.101	0.900	0.779	0.979
NAMPT	SIRT2	9606.ENSP00000222553	9606.ENSP00000249396	0.074	0	0	0	0.055	0.101	0.900	0.783	0.979
NAMPT	SIRT6	9606.ENSP00000222553	9606.ENSP00000337332	0.074	0	0	0	0	0.101	0.900	0.803	0.981
NAMPT	NMNAT1	9606.ENSP00000222553	9606.ENSP00000366410	0.135	0	0	0	0.062	0	0.900	0.798	0.981
NMNAT1	SIRT4	9606.ENSP00000366410	9606.ENSP00000202967	0.058	0	0	0	0.062	0	0.650	0.635	0.872
NMNAT1	SIRT1	9606.ENSP00000366410	9606.ENSP00000212015	0.058	0	0	0	0.062	0.270	0.650	0.906	0.975
NMNAT1	NAMPT	9606.ENSP00000366410	9606.ENSP00000222553	0.135	0	0	0	0.062	0	0.900	0.798	0.981
NMNAT1	CD38	9606.ENSP00000366410	9606.ENSP00000226279	0	0	0	0	0	0	0.900	0.447	0.942
NMNAT1	SIRT2	9606.ENSP00000366410	9606.ENSP00000249396	0.058	0	0	0	0.062	0	0.650	0.636	0.872
NMNAT1	BST1	9606.ENSP00000366410	9606.ENSP00000265016	0	0	0	0	0	0	0.900	0.510	0.949
NMNAT1	NMNAT2	9606.ENSP00000366410	9606.ENSP00000287713	0	0	0	0.868	0	0	0.800	0.891	0.823
NMNAT1	CLOCK	9606.ENSP00000366410	9606.ENSP00000308741	0	0	0	0	0	0	0	0.411	0.410
NMNAT1	SIRT7	9606.ENSP00000366410	9606.ENSP00000329466	0.058	0	0	0	0.063	0	0.650	0.635	0.872
NMNAT1	SIRT6	9606.ENSP00000366410	9606.ENSP00000337332	0.058	0	0	0	0.065	0	0.650	0.607	0.862
NMNAT1	NMNAT3	9606.ENSP00000366410	9606.ENSP00000340523	0	0	0.369	0.929	0	0	0.800	0.933	0.817
NMNAT1	NMRK1	9606.ENSP00000366410	9606.ENSP00000354387	0.041	0	0	0	0.062	0	0.900	0.818	0.981
NMNAT1	NNMT	9606.ENSP00000366410	9606.ENSP00000441434	0	0	0	0	0	0	0	0.543	0.543
NMNAT1	SIRT3	9606.ENSP00000366410	9606.ENSP00000372191	0.058	0	0	0	0.088	0	0.650	0.610	0.867
NMNAT1	SIRT5	9606.ENSP00000366410	9606.ENSP00000476228	0.058	0	0	0	0.100	0	0.650	0.659	0.885
NMNAT1	NMRK2	9606.ENSP00000366410	9606.ENSP00000480091	0.041	0	0	0	0.061	0	0.900	0.569	0.956
NMNAT2	SIRT4	9606.ENSP00000287713	9606.ENSP00000202967	0.058	0	0	0	0.062	0	0.650	0.524	0.833
NMNAT2	SIRT1	9606.ENSP00000287713	9606.ENSP00000212015	0.058	0	0	0	0.062	0	0.650	0.582	0.853
NMNAT2	NAMPT	9606.ENSP00000287713	9606.ENSP00000222553	0.135	0	0	0	0.062	0	0.900	0.680	0.970
NMNAT2	CD38	9606.ENSP00000287713	9606.ENSP00000226279	0	0	0	0	0	0	0.900	0.364	0.933
NMNAT2	SIRT2	9606.ENSP00000287713	9606.ENSP00000249396	0.058	0	0	0	0.062	0	0.650	0.515	0.830
NMNAT2	BST1	9606.ENSP00000287713	9606.ENSP00000265016	0	0	0	0	0	0	0.900	0.450	0.942
NMNAT2	NMNAT1	9606.ENSP00000287713	9606.ENSP00000366410	0	0	0	0.868	0	0	0.800	0.891	0.823
NMNAT2	SIRT7	9606.ENSP00000287713	9606.ENSP00000329466	0.058	0	0	0	0.063	0	0.650	0.522	0.832
NMNAT2	SIRT6	9606.ENSP00000287713	9606.ENSP00000337332	0.058	0	0	0	0.063	0	0.650	0.523	0.833
NMNAT2	NMNAT3	9606.ENSP00000287713	9606.ENSP00000340523	0	0	0	0.828	0.053	0	0.800	0.952	0.834
NMNAT2	SIRT5	9606.ENSP00000287713	9606.ENSP00000476228	0.058	0	0	0	0.062	0	0.650	0.583	0.853
NMNAT2	SIRT3	9606.ENSP00000287713	9606.ENSP00000372191	0.058	0	0	0	0.062	0	0.650	0.694	0.893
NMNAT2	NMRK2	9606.ENSP00000287713	9606.ENSP00000480091	0.041	0	0	0	0.062	0	0.900	0.527	0.951
NMNAT2	NMRK1	9606.ENSP00000287713	9606.ENSP00000354387	0.041	0	0	0	0.062	0	0.900	0.643	0.963
NMNAT3	SIRT4	9606.ENSP00000340523	9606.ENSP00000202967	0.058	0	0	0	0.062	0	0.650	0.566	0.848
NMNAT3	SIRT1	9606.ENSP00000340523	9606.ENSP00000212015	0.058	0	0	0	0.062	0	0.650	0.721	0.902
NMNAT3	NAMPT	9606.ENSP00000340523	9606.ENSP00000222553	0.135	0	0	0	0.062	0	0.900	0.734	0.975
NMNAT3	CD38	9606.ENSP00000340523	9606.ENSP00000226279	0	0	0	0	0	0	0.900	0.364	0.933
NMNAT3	SIRT2	9606.ENSP00000340523	9606.ENSP00000249396	0.058	0	0	0	0.062	0	0.650	0.556	0.844
NMNAT3	BST1	9606.ENSP00000340523	9606.ENSP00000265016	0	0	0	0	0	0	0.900	0.519	0.949
NMNAT3	NMNAT2	9606.ENSP00000340523	9606.ENSP00000287713	0	0	0	0.828	0.053	0	0.800	0.952	0.834
NMNAT3	SIRT7	9606.ENSP00000340523	9606.ENSP00000329466	0.058	0	0	0	0.063	0	0.650	0.555	0.844
NMNAT3	SIRT6	9606.ENSP00000340523	9606.ENSP00000337332	0.058	0	0	0	0.063	0	0.650	0.553	0.843
NMNAT3	NNMT	9606.ENSP00000340523	9606.ENSP00000441434	0	0	0	0	0	0	0	0.556	0.556
NMNAT3	NMNAT1	9606.ENSP00000340523	9606.ENSP00000366410	0	0	0.369	0.929	0	0	0.800	0.933	0.817
NMNAT3	SIRT3	9606.ENSP00000340523	9606.ENSP00000372191	0.058	0	0	0	0.062	0	0.650	0.593	0.857
NMNAT3	SIRT5	9606.ENSP00000340523	9606.ENSP00000476228	0.058	0	0	0	0.062	0	0.650	0.622	0.867
NMNAT3	NMRK2	9606.ENSP00000340523	9606.ENSP00000480091	0.041	0	0	0	0.054	0	0.900	0.605	0.959
NMNAT3	NMRK1	9606.ENSP00000340523	9606.ENSP00000354387	0.041	0	0	0	0.054	0	0.900	0.717	0.970
NMRK1	SIRT4	9606.ENSP00000354387	9606.ENSP00000202967	0	0	0	0	0	0.058	0	0.520	0.528
NMRK1	SIRT1	9606.ENSP00000354387	9606.ENSP00000212015	0	0	0	0	0	0.077	0	0.466	0.486
NMRK1	NAMPT	9606.ENSP00000354387	9606.ENSP00000222553	0.056	0	0	0	0.062	0.103	0.900	0.694	0.971
NMRK1	SIRT2	9606.ENSP00000354387	9606.ENSP00000249396	0	0	0	0	0	0.058	0	0.518	0.526
NMRK1	BST1	9606.ENSP00000354387	9606.ENSP00000265016	0	0	0	0	0	0	0	0.513	0.513
NMRK1	NMNAT2	9606.ENSP00000354387	9606.ENSP00000287713	0.041	0	0	0	0.062	0	0.900	0.643	0.963
NMRK1	SIRT7	9606.ENSP00000354387	9606.ENSP00000329466	0	0	0	0	0	0.058	0	0.519	0.527
NMRK1	SIRT6	9606.ENSP00000354387	9606.ENSP00000337332	0	0	0	0	0	0.058	0	0.518	0.526
NMRK1	NMNAT3	9606.ENSP00000354387	9606.ENSP00000340523	0.041	0	0	0	0.054	0	0.900	0.717	0.970
NMRK1	NNMT	9606.ENSP00000354387	9606.ENSP00000441434	0	0	0	0	0	0	0	0.442	0.442
NMRK1	SIRT3	9606.ENSP00000354387	9606.ENSP00000372191	0	0	0	0	0	0.058	0	0.521	0.529
NMRK1	SIRT5	9606.ENSP00000354387	9606.ENSP00000476228	0	0	0	0	0	0.077	0	0.556	0.573
NMRK1	NMRK2	9606.ENSP00000354387	9606.ENSP00000480091	0	0	0.298	0.943	0	0	0.800	0.904	0.813
NMRK1	NMNAT1	9606.ENSP00000354387	9606.ENSP00000366410	0.041	0	0	0	0.062	0	0.900	0.818	0.981
NMRK2	NAMPT	9606.ENSP00000480091	9606.ENSP00000222553	0.056	0	0	0	0.053	0.103	0.900	0.496	0.952
NMRK2	NMNAT2	9606.ENSP00000480091	9606.ENSP00000287713	0.041	0	0	0	0.062	0	0.900	0.527	0.951
NMRK2	NMNAT3	9606.ENSP00000480091	9606.ENSP00000340523	0.041	0	0	0	0.054	0	0.900	0.605	0.959
NMRK2	NMRK1	9606.ENSP00000480091	9606.ENSP00000354387	0	0	0.298	0.943	0	0	0.800	0.904	0.813
NMRK2	NMNAT1	9606.ENSP00000480091	9606.ENSP00000366410	0.041	0	0	0	0.061	0	0.900	0.569	0.956
NNMT	SIRT4	9606.ENSP00000441434	9606.ENSP00000202967	0	0	0	0	0	0	0.900	0.457	0.943
NNMT	SIRT1	9606.ENSP00000441434	9606.ENSP00000212015	0	0	0	0	0	0	0.900	0.466	0.944
NNMT	NAMPT	9606.ENSP00000441434	9606.ENSP00000222553	0	0	0	0	0	0	0.900	0.527	0.950
NNMT	CD38	9606.ENSP00000441434	9606.ENSP00000226279	0	0	0	0	0	0	0.900	0.261	0.922
NNMT	SIRT2	9606.ENSP00000441434	9606.ENSP00000249396	0	0	0	0	0	0	0.900	0.450	0.942
NNMT	BST1	9606.ENSP00000441434	9606.ENSP00000265016	0	0	0	0	0	0	0.900	0.309	0.927
NNMT	SIRT7	9606.ENSP00000441434	9606.ENSP00000329466	0	0	0	0	0	0	0.900	0.454	0.943
NNMT	SIRT6	9606.ENSP00000441434	9606.ENSP00000337332	0	0	0	0	0	0	0.900	0.425	0.940
NNMT	NMNAT3	9606.ENSP00000441434	9606.ENSP00000340523	0	0	0	0	0	0	0	0.556	0.556
NNMT	NMRK1	9606.ENSP00000441434	9606.ENSP00000354387	0	0	0	0	0	0	0	0.442	0.442
NNMT	NMNAT1	9606.ENSP00000441434	9606.ENSP00000366410	0	0	0	0	0	0	0	0.543	0.543
NNMT	SIRT3	9606.ENSP00000441434	9606.ENSP00000372191	0	0	0	0	0	0	0.900	0.457	0.943
NNMT	SIRT5	9606.ENSP00000441434	9606.ENSP00000476228	0	0	0	0	0.057	0	0.900	0.459	0.944
NPAS2	SIRT1	9606.ENSP00000338283	9606.ENSP00000212015	0	0	0	0	0	0.233	0	0.482	0.586
NPAS2	NAMPT	9606.ENSP00000338283	9606.ENSP00000222553	0	0	0	0	0.062	0	0.900	0.512	0.950
NPAS2	PPARGC1A	9606.ENSP00000338283	9606.ENSP00000264867	0	0	0	0	0.062	0	0.650	0.401	0.786
NPAS2	PPARG	9606.ENSP00000338283	9606.ENSP00000287820	0	0	0	0	0	0.213	0	0.331	0.451
NPAS2	CLOCK	9606.ENSP00000338283	9606.ENSP00000308741	0	0	0	0.932	0	0.408	0.900	0.977	0.942
NPAS2	ARNTL	9606.ENSP00000338283	9606.ENSP00000384517	0	0	0	0.644	0.065	0.971	0.900	0.995	0.998
PPARG	SIRT4	9606.ENSP00000287820	9606.ENSP00000202967	0	0	0	0	0	0.078	0	0.556	0.573
PPARG	SIRT1	9606.ENSP00000287820	9606.ENSP00000212015	0	0	0	0	0	0.495	0.800	0.987	0.998
PPARG	RETN	9606.ENSP00000287820	9606.ENSP00000221515	0	0	0	0	0.063	0	0	0.716	0.722
PPARG	NAMPT	9606.ENSP00000287820	9606.ENSP00000222553	0	0	0	0	0	0	0	0.567	0.567
PPARG	SIRT2	9606.ENSP00000287820	9606.ENSP00000249396	0	0	0	0	0	0.078	0	0.559	0.576
PPARG	PPARGC1A	9606.ENSP00000287820	9606.ENSP00000264867	0	0	0	0	0	0.991	0.900	0.989	0.999
PPARG	HSPA5	9606.ENSP00000287820	9606.ENSP00000324173	0	0	0	0	0	0.066	0	0.393	0.409
PPARG	RARRES2	9606.ENSP00000287820	9606.ENSP00000418009	0	0	0	0	0.062	0	0	0.423	0.435
PPARG	CMKLR1	9606.ENSP00000287820	9606.ENSP00000311733	0	0	0	0	0.060	0.056	0	0.420	0.441
PPARG	NPAS2	9606.ENSP00000287820	9606.ENSP00000338283	0	0	0	0	0	0.213	0	0.331	0.451
PPARG	SIRT5	9606.ENSP00000287820	9606.ENSP00000476228	0	0	0	0	0	0.078	0	0.529	0.547
PPARG	CYCS	9606.ENSP00000287820	9606.ENSP00000307786	0	0	0	0	0	0	0	0.560	0.560
PPARG	SIRT7	9606.ENSP00000287820	9606.ENSP00000329466	0	0	0	0	0	0.078	0	0.556	0.573
PPARG	SIRT3	9606.ENSP00000287820	9606.ENSP00000372191	0	0	0	0	0.054	0.078	0	0.602	0.622
PPARG	CLOCK	9606.ENSP00000287820	9606.ENSP00000308741	0	0	0	0	0	0.213	0	0.559	0.638
PPARG	ADIPOR2	9606.ENSP00000287820	9606.ENSP00000349616	0	0	0	0	0.062	0.056	0	0.636	0.649
PPARG	ADIPOR1	9606.ENSP00000287820	9606.ENSP00000341785	0	0	0	0	0	0.056	0	0.651	0.656
PPARG	ARNTL	9606.ENSP00000287820	9606.ENSP00000384517	0	0	0	0	0	0.213	0	0.588	0.663
PPARG	SIRT6	9606.ENSP00000287820	9606.ENSP00000337332	0	0	0	0	0	0.078	0	0.660	0.673
PPARG	TLR4	9606.ENSP00000287820	9606.ENSP00000363089	0	0	0	0	0.063	0.074	0	0.662	0.681
PPARG	MLXIPL	9606.ENSP00000287820	9606.ENSP00000320886	0	0	0	0	0.062	0.104	0	0.694	0.720
PPARG	ADIPOQ	9606.ENSP00000287820	9606.ENSP00000389814	0	0	0	0	0.063	0	0.900	0.894	0.989
PPARG	CEBPA	9606.ENSP00000287820	9606.ENSP00000427514	0	0	0	0	0.062	0.069	0.900	0.949	0.995
PPARG	CEBPB	9606.ENSP00000287820	9606.ENSP00000305422	0	0	0	0	0.062	0.501	0.900	0.943	0.997
PPARGC1A	SIRT4	9606.ENSP00000264867	9606.ENSP00000202967	0	0	0	0	0	0.072	0	0.741	0.750
PPARGC1A	SIRT1	9606.ENSP00000264867	9606.ENSP00000212015	0	0	0	0	0	0.717	0.900	0.988	0.999
PPARGC1A	RETN	9606.ENSP00000264867	9606.ENSP00000221515	0	0	0	0	0	0	0	0.508	0.508
PPARGC1A	NAMPT	9606.ENSP00000264867	9606.ENSP00000222553	0	0	0	0	0	0	0	0.622	0.622
PPARGC1A	SIRT2	9606.ENSP00000264867	9606.ENSP00000249396	0	0	0	0	0	0.072	0	0.721	0.730
PPARGC1A	TLR4	9606.ENSP00000264867	9606.ENSP00000363089	0	0	0	0	0	0.056	0	0.395	0.404
PPARGC1A	ADIPOR2	9606.ENSP00000264867	9606.ENSP00000349616	0	0	0	0	0	0	0	0.505	0.505
PPARGC1A	ADIPOR1	9606.ENSP00000264867	9606.ENSP00000341785	0	0	0	0	0	0	0	0.561	0.561
PPARGC1A	CEBPB	9606.ENSP00000264867	9606.ENSP00000305422	0	0	0	0	0	0	0	0.650	0.650
PPARGC1A	MLXIPL	9606.ENSP00000264867	9606.ENSP00000320886	0	0	0	0	0	0	0	0.680	0.680
PPARGC1A	CYCS	9606.ENSP00000264867	9606.ENSP00000307786	0	0	0	0	0	0	0	0.698	0.698
PPARGC1A	SIRT7	9606.ENSP00000264867	9606.ENSP00000329466	0	0	0	0	0	0.072	0	0.723	0.732
PPARGC1A	SIRT6	9606.ENSP00000264867	9606.ENSP00000337332	0	0	0	0	0	0.072	0	0.731	0.739
PPARGC1A	SIRT5	9606.ENSP00000264867	9606.ENSP00000476228	0	0	0	0	0	0.078	0	0.741	0.751
PPARGC1A	NPAS2	9606.ENSP00000264867	9606.ENSP00000338283	0	0	0	0	0.062	0	0.650	0.401	0.786
PPARGC1A	CLOCK	9606.ENSP00000264867	9606.ENSP00000308741	0	0	0	0	0	0	0.650	0.513	0.822
PPARGC1A	ARNTL	9606.ENSP00000264867	9606.ENSP00000384517	0	0	0	0	0	0	0.900	0.609	0.959
PPARGC1A	CEBPA	9606.ENSP00000264867	9606.ENSP00000427514	0	0	0	0	0	0	0.900	0.637	0.962
PPARGC1A	ADIPOQ	9606.ENSP00000264867	9606.ENSP00000389814	0	0	0	0	0	0	0.900	0.745	0.973
PPARGC1A	SIRT3	9606.ENSP00000264867	9606.ENSP00000372191	0	0	0	0	0.062	0.072	0.900	0.909	0.991
PPARGC1A	PPARG	9606.ENSP00000264867	9606.ENSP00000287820	0	0	0	0	0	0.991	0.900	0.989	0.999
RARRES2	RETN	9606.ENSP00000418009	9606.ENSP00000221515	0	0	0	0	0.062	0	0	0.749	0.754
RARRES2	NAMPT	9606.ENSP00000418009	9606.ENSP00000222553	0	0	0	0	0	0	0	0.748	0.748
RARRES2	GFER	9606.ENSP00000418009	9606.ENSP00000248114	0	0	0	0	0	0	0	0.822	0.822
RARRES2	PPARG	9606.ENSP00000418009	9606.ENSP00000287820	0	0	0	0	0.062	0	0	0.423	0.435
RARRES2	CCL19	9606.ENSP00000418009	9606.ENSP00000308815	0	0	0	0	0.066	0	0	0.440	0.454
RARRES2	CMKLR1	9606.ENSP00000418009	9606.ENSP00000311733	0	0	0	0	0	0	0	0.991	0.992
RARRES2	ITLN1	9606.ENSP00000418009	9606.ENSP00000323587	0	0	0	0	0	0	0	0.802	0.802
RARRES2	ADIPOR1	9606.ENSP00000418009	9606.ENSP00000341785	0	0	0	0	0	0	0	0.460	0.460
RARRES2	SERPINA12	9606.ENSP00000418009	9606.ENSP00000342109	0	0	0	0	0.062	0	0	0.804	0.808
RARRES2	ADIPOR2	9606.ENSP00000418009	9606.ENSP00000349616	0	0	0	0	0.062	0	0	0.461	0.473
RARRES2	CCRL2	9606.ENSP00000418009	9606.ENSP00000349967	0	0	0	0	0	0	0	0.986	0.986
RARRES2	LTB4R	9606.ENSP00000418009	9606.ENSP00000380008	0	0	0	0	0	0	0	0.730	0.730
RARRES2	ADIPOQ	9606.ENSP00000418009	9606.ENSP00000389814	0	0	0	0	0.063	0	0	0.753	0.758
RARRES2	GPR1	9606.ENSP00000418009	9606.ENSP00000480405	0	0	0	0	0	0	0	0.988	0.988
RETN	DCN	9606.ENSP00000221515	9606.ENSP00000052754	0	0	0	0	0.062	0	0	0.964	0.965
RETN	CEBPB	9606.ENSP00000221515	9606.ENSP00000305422	0	0	0	0	0.065	0	0	0.421	0.435
RETN	PPARGC1A	9606.ENSP00000221515	9606.ENSP00000264867	0	0	0	0	0	0	0	0.508	0.508
RETN	CEBPA	9606.ENSP00000221515	9606.ENSP00000427514	0	0	0	0	0.098	0	0	0.564	0.590
RETN	ADIPOR2	9606.ENSP00000221515	9606.ENSP00000349616	0	0	0	0	0	0	0	0.611	0.611
RETN	ADIPOR1	9606.ENSP00000221515	9606.ENSP00000341785	0	0	0	0	0	0	0	0.612	0.612
RETN	PPARG	9606.ENSP00000221515	9606.ENSP00000287820	0	0	0	0	0.063	0	0	0.716	0.722
RETN	SERPINA12	9606.ENSP00000221515	9606.ENSP00000342109	0	0	0	0	0	0	0	0.731	0.731
RETN	RARRES2	9606.ENSP00000221515	9606.ENSP00000418009	0	0	0	0	0.062	0	0	0.749	0.754
RETN	ITLN1	9606.ENSP00000221515	9606.ENSP00000323587	0	0	0	0	0.065	0	0	0.755	0.761
RETN	NAMPT	9606.ENSP00000221515	9606.ENSP00000222553	0	0	0	0	0	0	0	0.873	0.873
RETN	ADIPOQ	9606.ENSP00000221515	9606.ENSP00000389814	0	0	0	0	0.228	0	0	0.919	0.935
RETN	CAP1	9606.ENSP00000221515	9606.ENSP00000361883	0	0	0	0	0	0	0	0.982	0.982
RETN	TLR4	9606.ENSP00000221515	9606.ENSP00000363089	0	0	0	0	0.111	0	0	0.988	0.989
SERPINA12	RETN	9606.ENSP00000342109	9606.ENSP00000221515	0	0	0	0	0	0	0	0.731	0.731
SERPINA12	NAMPT	9606.ENSP00000342109	9606.ENSP00000222553	0	0	0	0	0	0	0	0.767	0.767
SERPINA12	CMKLR1	9606.ENSP00000342109	9606.ENSP00000311733	0	0	0	0	0	0.056	0	0.413	0.422
SERPINA12	ITLN1	9606.ENSP00000342109	9606.ENSP00000323587	0	0	0	0	0	0	0	0.857	0.857
SERPINA12	HSPA5	9606.ENSP00000342109	9606.ENSP00000324173	0	0	0	0	0	0	0	0.983	0.983
SERPINA12	ADIPOQ	9606.ENSP00000342109	9606.ENSP00000389814	0	0	0	0	0	0	0	0.718	0.718
SERPINA12	RARRES2	9606.ENSP00000342109	9606.ENSP00000418009	0	0	0	0	0.062	0	0	0.804	0.808
SIRT1	SIRT6	9606.ENSP00000212015	9606.ENSP00000337332	0	0	0	0.600	0.063	0	0	0.920	0.406
SIRT1	ADIPOR2	9606.ENSP00000212015	9606.ENSP00000349616	0	0	0	0	0	0	0	0.425	0.425
SIRT1	ADIPOR1	9606.ENSP00000212015	9606.ENSP00000341785	0	0	0	0	0	0	0	0.479	0.479
SIRT1	NMRK1	9606.ENSP00000212015	9606.ENSP00000354387	0	0	0	0	0	0.077	0	0.466	0.486
SIRT1	MLXIPL	9606.ENSP00000212015	9606.ENSP00000320886	0	0	0	0	0	0	0	0.501	0.501
SIRT1	CEBPB	9606.ENSP00000212015	9606.ENSP00000305422	0	0	0	0	0	0.095	0	0.480	0.510
SIRT1	TLR4	9606.ENSP00000212015	9606.ENSP00000363089	0	0	0	0	0	0.057	0	0.516	0.524
SIRT1	HSPA5	9606.ENSP00000212015	9606.ENSP00000324173	0	0	0	0	0	0.183	0	0.455	0.536
SIRT1	CEBPA	9606.ENSP00000212015	9606.ENSP00000427514	0	0	0	0	0	0.095	0	0.550	0.575
SIRT1	NPAS2	9606.ENSP00000212015	9606.ENSP00000338283	0	0	0	0	0	0.233	0	0.482	0.586
SIRT1	SIRT7	9606.ENSP00000212015	9606.ENSP00000329466	0	0	0	0.563	0.062	0.270	0	0.969	0.588
SIRT1	ADIPOQ	9606.ENSP00000212015	9606.ENSP00000389814	0	0	0	0	0	0	0	0.686	0.687
SIRT1	CYCS	9606.ENSP00000212015	9606.ENSP00000307786	0	0	0	0	0.057	0	0	0.709	0.714
SIRT1	BST1	9606.ENSP00000212015	9606.ENSP00000265016	0	0	0	0	0	0	0.650	0.464	0.804
SIRT1	CD38	9606.ENSP00000212015	9606.ENSP00000226279	0	0	0	0	0	0	0.650	0.505	0.819
SIRT1	NMNAT2	9606.ENSP00000212015	9606.ENSP00000287713	0.058	0	0	0	0.062	0	0.650	0.582	0.853
SIRT1	NMNAT3	9606.ENSP00000212015	9606.ENSP00000340523	0.058	0	0	0	0.062	0	0.650	0.721	0.902
SIRT1	NNMT	9606.ENSP00000212015	9606.ENSP00000441434	0	0	0	0	0	0	0.900	0.466	0.944
SIRT1	SIRT2	9606.ENSP00000212015	9606.ENSP00000249396	0	0	0	0.830	0.062	0.378	0.900	0.943	0.946
SIRT1	NMNAT1	9606.ENSP00000212015	9606.ENSP00000366410	0.058	0	0	0	0.062	0.270	0.650	0.906	0.975
SIRT1	NAMPT	9606.ENSP00000212015	9606.ENSP00000222553	0.074	0	0	0	0.062	0.101	0.900	0.832	0.984
SIRT1	PPARG	9606.ENSP00000212015	9606.ENSP00000287820	0	0	0	0	0	0.495	0.800	0.987	0.998
SIRT1	CLOCK	9606.ENSP00000212015	9606.ENSP00000308741	0	0	0	0	0	0.495	0.900	0.989	0.999
SIRT1	PPARGC1A	9606.ENSP00000212015	9606.ENSP00000264867	0	0	0	0	0	0.717	0.900	0.988	0.999
SIRT1	ARNTL	9606.ENSP00000212015	9606.ENSP00000384517	0	0	0	0	0	0.495	0.900	0.992	0.999
SIRT2	SIRT4	9606.ENSP00000249396	9606.ENSP00000202967	0	0	0.400	0.627	0	0.077	0	0.880	0.465
SIRT2	SIRT1	9606.ENSP00000249396	9606.ENSP00000212015	0	0	0	0.830	0.062	0.378	0.900	0.943	0.946
SIRT2	NAMPT	9606.ENSP00000249396	9606.ENSP00000222553	0.074	0	0	0	0.055	0.101	0.900	0.783	0.979
SIRT2	CD38	9606.ENSP00000249396	9606.ENSP00000226279	0	0	0	0	0	0	0.650	0.504	0.818
SIRT2	ADIPOQ	9606.ENSP00000249396	9606.ENSP00000389814	0	0	0	0	0	0	0	0.404	0.404
SIRT2	SIRT6	9606.ENSP00000249396	9606.ENSP00000337332	0	0	0.398	0.613	0.062	0	0	0.866	0.464
SIRT2	SIRT7	9606.ENSP00000249396	9606.ENSP00000329466	0	0	0.405	0.582	0.042	0	0	0.872	0.486
SIRT2	CYCS	9606.ENSP00000249396	9606.ENSP00000307786	0	0	0	0	0.057	0	0	0.479	0.488
SIRT2	CLOCK	9606.ENSP00000249396	9606.ENSP00000308741	0	0	0	0	0	0.078	0	0.470	0.491
SIRT2	ARNTL	9606.ENSP00000249396	9606.ENSP00000384517	0	0	0	0	0	0.078	0	0.480	0.500
SIRT2	NMRK1	9606.ENSP00000249396	9606.ENSP00000354387	0	0	0	0	0	0.058	0	0.518	0.526
SIRT2	SIRT5	9606.ENSP00000249396	9606.ENSP00000476228	0	0	0.417	0.621	0.063	0.183	0	0.853	0.538
SIRT2	PPARG	9606.ENSP00000249396	9606.ENSP00000287820	0	0	0	0	0	0.078	0	0.559	0.576
SIRT2	PPARGC1A	9606.ENSP00000249396	9606.ENSP00000264867	0	0	0	0	0	0.072	0	0.721	0.730
SIRT2	BST1	9606.ENSP00000249396	9606.ENSP00000265016	0	0	0	0	0	0	0.650	0.517	0.823
SIRT2	NMNAT2	9606.ENSP00000249396	9606.ENSP00000287713	0.058	0	0	0	0.062	0	0.650	0.515	0.830
SIRT2	NMNAT3	9606.ENSP00000249396	9606.ENSP00000340523	0.058	0	0	0	0.062	0	0.650	0.556	0.844
SIRT2	NMNAT1	9606.ENSP00000249396	9606.ENSP00000366410	0.058	0	0	0	0.062	0	0.650	0.636	0.872
SIRT2	NNMT	9606.ENSP00000249396	9606.ENSP00000441434	0	0	0	0	0	0	0.900	0.450	0.942
SIRT3	SIRT4	9606.ENSP00000372191	9606.ENSP00000202967	0	0	0.412	0.651	0	0.316	0	0.893	0.592
SIRT3	NAMPT	9606.ENSP00000372191	9606.ENSP00000222553	0.074	0	0	0	0	0.101	0.900	0.779	0.979
SIRT3	CD38	9606.ENSP00000372191	9606.ENSP00000226279	0	0	0	0	0	0	0.650	0.518	0.824
SIRT3	PPARGC1A	9606.ENSP00000372191	9606.ENSP00000264867	0	0	0	0	0.062	0.072	0.900	0.909	0.991
SIRT3	BST1	9606.ENSP00000372191	9606.ENSP00000265016	0	0	0	0	0	0	0.650	0.519	0.824
SIRT3	NMNAT2	9606.ENSP00000372191	9606.ENSP00000287713	0.058	0	0	0	0.062	0	0.650	0.694	0.893
SIRT3	PPARG	9606.ENSP00000372191	9606.ENSP00000287820	0	0	0	0	0.054	0.078	0	0.602	0.622
SIRT3	CYCS	9606.ENSP00000372191	9606.ENSP00000307786	0	0	0	0	0.094	0	0	0.576	0.600
SIRT3	CLOCK	9606.ENSP00000372191	9606.ENSP00000308741	0	0	0	0	0	0.078	0	0.508	0.527
SIRT3	HSPA5	9606.ENSP00000372191	9606.ENSP00000324173	0	0	0	0	0	0.183	0	0.302	0.405
SIRT3	SIRT7	9606.ENSP00000372191	9606.ENSP00000329466	0	0	0.408	0.594	0.054	0	0	0.886	0.486
SIRT3	SIRT6	9606.ENSP00000372191	9606.ENSP00000337332	0	0	0.421	0.626	0.062	0	0	0.864	0.457
SIRT3	NMNAT3	9606.ENSP00000372191	9606.ENSP00000340523	0.058	0	0	0	0.062	0	0.650	0.593	0.857
SIRT3	NMRK1	9606.ENSP00000372191	9606.ENSP00000354387	0	0	0	0	0	0.058	0	0.521	0.529
SIRT3	NMNAT1	9606.ENSP00000372191	9606.ENSP00000366410	0.058	0	0	0	0.088	0	0.650	0.610	0.867
SIRT3	ADIPOQ	9606.ENSP00000372191	9606.ENSP00000389814	0	0	0	0	0	0	0	0.459	0.459
SIRT3	ARNTL	9606.ENSP00000372191	9606.ENSP00000384517	0	0	0	0	0	0.078	0	0.528	0.546
SIRT3	SIRT5	9606.ENSP00000372191	9606.ENSP00000476228	0	0	0.432	0.650	0.074	0.378	0	0.913	0.649
SIRT3	NNMT	9606.ENSP00000372191	9606.ENSP00000441434	0	0	0	0	0	0	0.900	0.457	0.943
SIRT4	ADIPOQ	9606.ENSP00000202967	9606.ENSP00000389814	0	0	0	0	0	0	0	0.402	0.402
SIRT4	SIRT6	9606.ENSP00000202967	9606.ENSP00000337332	0	0	0.411	0.656	0	0	0	0.918	0.430
SIRT4	SIRT7	9606.ENSP00000202967	9606.ENSP00000329466	0	0	0.394	0.649	0	0	0	0.944	0.441
SIRT4	SIRT2	9606.ENSP00000202967	9606.ENSP00000249396	0	0	0.400	0.627	0	0.077	0	0.880	0.465
SIRT4	ARNTL	9606.ENSP00000202967	9606.ENSP00000384517	0	0	0	0	0	0.078	0	0.468	0.489
SIRT4	CYCS	9606.ENSP00000202967	9606.ENSP00000307786	0	0	0	0	0.057	0	0	0.488	0.496
SIRT4	CLOCK	9606.ENSP00000202967	9606.ENSP00000308741	0	0	0	0	0	0.078	0	0.494	0.514
SIRT4	NMRK1	9606.ENSP00000202967	9606.ENSP00000354387	0	0	0	0	0	0.058	0	0.520	0.528
SIRT4	PPARG	9606.ENSP00000202967	9606.ENSP00000287820	0	0	0	0	0	0.078	0	0.556	0.573
SIRT4	SIRT3	9606.ENSP00000202967	9606.ENSP00000372191	0	0	0.412	0.651	0	0.316	0	0.893	0.592
SIRT4	PPARGC1A	9606.ENSP00000202967	9606.ENSP00000264867	0	0	0	0	0	0.072	0	0.741	0.750
SIRT4	CD38	9606.ENSP00000202967	9606.ENSP00000226279	0	0	0	0	0	0	0.650	0.518	0.824
SIRT4	NMNAT2	9606.ENSP00000202967	9606.ENSP00000287713	0.058	0	0	0	0.062	0	0.650	0.524	0.833
SIRT4	BST1	9606.ENSP00000202967	9606.ENSP00000265016	0	0	0	0	0	0	0.650	0.556	0.837
SIRT4	NMNAT3	9606.ENSP00000202967	9606.ENSP00000340523	0.058	0	0	0	0.062	0	0.650	0.566	0.848
SIRT4	NMNAT1	9606.ENSP00000202967	9606.ENSP00000366410	0.058	0	0	0	0.062	0	0.650	0.635	0.872
SIRT4	NNMT	9606.ENSP00000202967	9606.ENSP00000441434	0	0	0	0	0	0	0.900	0.457	0.943
SIRT4	NAMPT	9606.ENSP00000202967	9606.ENSP00000222553	0.074	0	0	0	0	0.101	0.900	0.778	0.979
SIRT5	NAMPT	9606.ENSP00000476228	9606.ENSP00000222553	0.074	0	0	0	0.062	0.101	0.900	0.760	0.977
SIRT5	CD38	9606.ENSP00000476228	9606.ENSP00000226279	0	0	0	0	0	0	0.650	0.518	0.824
SIRT5	SIRT2	9606.ENSP00000476228	9606.ENSP00000249396	0	0	0.417	0.621	0.063	0.183	0	0.853	0.538
SIRT5	PPARGC1A	9606.ENSP00000476228	9606.ENSP00000264867	0	0	0	0	0	0.078	0	0.741	0.751
SIRT5	BST1	9606.ENSP00000476228	9606.ENSP00000265016	0	0	0	0	0	0	0.650	0.556	0.837
SIRT5	NMNAT2	9606.ENSP00000476228	9606.ENSP00000287713	0.058	0	0	0	0.062	0	0.650	0.583	0.853
SIRT5	PPARG	9606.ENSP00000476228	9606.ENSP00000287820	0	0	0	0	0	0.078	0	0.529	0.547
SIRT5	CYCS	9606.ENSP00000476228	9606.ENSP00000307786	0	0	0	0	0.060	0	0.900	0.597	0.958
SIRT5	CLOCK	9606.ENSP00000476228	9606.ENSP00000308741	0	0	0	0	0	0.113	0	0.502	0.539
SIRT5	SIRT7	9606.ENSP00000476228	9606.ENSP00000329466	0	0	0.387	0.587	0.062	0	0	0.866	0.485
SIRT5	SIRT6	9606.ENSP00000476228	9606.ENSP00000337332	0	0	0.407	0.591	0.062	0	0	0.836	0.477
SIRT5	NMNAT3	9606.ENSP00000476228	9606.ENSP00000340523	0.058	0	0	0	0.062	0	0.650	0.622	0.867
SIRT5	NMRK1	9606.ENSP00000476228	9606.ENSP00000354387	0	0	0	0	0	0.077	0	0.556	0.573
SIRT5	NMNAT1	9606.ENSP00000476228	9606.ENSP00000366410	0.058	0	0	0	0.100	0	0.650	0.659	0.885
SIRT5	SIRT3	9606.ENSP00000476228	9606.ENSP00000372191	0	0	0.432	0.650	0.074	0.378	0	0.913	0.649
SIRT5	ARNTL	9606.ENSP00000476228	9606.ENSP00000384517	0	0	0	0	0	0.113	0	0.469	0.509
SIRT5	ADIPOQ	9606.ENSP00000476228	9606.ENSP00000389814	0	0	0	0	0	0	0	0.402	0.402
SIRT5	NNMT	9606.ENSP00000476228	9606.ENSP00000441434	0	0	0	0	0.057	0	0.900	0.459	0.944
SIRT6	SIRT4	9606.ENSP00000337332	9606.ENSP00000202967	0	0	0.411	0.656	0	0	0	0.918	0.430
SIRT6	SIRT1	9606.ENSP00000337332	9606.ENSP00000212015	0	0	0	0.600	0.063	0	0	0.920	0.406
SIRT6	NAMPT	9606.ENSP00000337332	9606.ENSP00000222553	0.074	0	0	0	0	0.101	0.900	0.803	0.981
SIRT6	CD38	9606.ENSP00000337332	9606.ENSP00000226279	0	0	0	0	0	0	0.650	0.517	0.823
SIRT6	SIRT2	9606.ENSP00000337332	9606.ENSP00000249396	0	0	0.398	0.613	0.062	0	0	0.866	0.464
SIRT6	PPARGC1A	9606.ENSP00000337332	9606.ENSP00000264867	0	0	0	0	0	0.072	0	0.731	0.739
SIRT6	BST1	9606.ENSP00000337332	9606.ENSP00000265016	0	0	0	0	0	0	0.650	0.520	0.824
SIRT6	NMNAT2	9606.ENSP00000337332	9606.ENSP00000287713	0.058	0	0	0	0.063	0	0.650	0.523	0.833
SIRT6	PPARG	9606.ENSP00000337332	9606.ENSP00000287820	0	0	0	0	0	0.078	0	0.660	0.673
SIRT6	CYCS	9606.ENSP00000337332	9606.ENSP00000307786	0	0	0	0	0.062	0	0	0.471	0.482
SIRT6	CLOCK	9606.ENSP00000337332	9606.ENSP00000308741	0	0	0	0	0	0.078	0	0.534	0.552
SIRT6	ADIPOQ	9606.ENSP00000337332	9606.ENSP00000389814	0	0	0	0	0	0	0	0.418	0.418
SIRT6	SIRT3	9606.ENSP00000337332	9606.ENSP00000372191	0	0	0.421	0.626	0.062	0	0	0.864	0.457
SIRT6	SIRT5	9606.ENSP00000337332	9606.ENSP00000476228	0	0	0.407	0.591	0.062	0	0	0.836	0.477
SIRT6	NMRK1	9606.ENSP00000337332	9606.ENSP00000354387	0	0	0	0	0	0.058	0	0.518	0.526
SIRT6	ARNTL	9606.ENSP00000337332	9606.ENSP00000384517	0	0	0	0	0	0.078	0	0.718	0.730
SIRT6	NMNAT3	9606.ENSP00000337332	9606.ENSP00000340523	0.058	0	0	0	0.063	0	0.650	0.553	0.843
SIRT6	NMNAT1	9606.ENSP00000337332	9606.ENSP00000366410	0.058	0	0	0	0.065	0	0.650	0.607	0.862
SIRT6	NNMT	9606.ENSP00000337332	9606.ENSP00000441434	0	0	0	0	0	0	0.900	0.425	0.940
SIRT7	SIRT4	9606.ENSP00000329466	9606.ENSP00000202967	0	0	0.394	0.649	0	0	0	0.944	0.441
SIRT7	SIRT1	9606.ENSP00000329466	9606.ENSP00000212015	0	0	0	0.563	0.062	0.270	0	0.969	0.588
SIRT7	NAMPT	9606.ENSP00000329466	9606.ENSP00000222553	0.074	0	0	0	0	0.101	0.900	0.745	0.975
SIRT7	CD38	9606.ENSP00000329466	9606.ENSP00000226279	0	0	0	0	0	0	0.650	0.517	0.823
SIRT7	SIRT2	9606.ENSP00000329466	9606.ENSP00000249396	0	0	0.405	0.582	0.042	0	0	0.872	0.486
SIRT7	PPARGC1A	9606.ENSP00000329466	9606.ENSP00000264867	0	0	0	0	0	0.072	0	0.723	0.732
SIRT7	BST1	9606.ENSP00000329466	9606.ENSP00000265016	0	0	0	0	0	0	0.650	0.556	0.837
SIRT7	NMNAT2	9606.ENSP00000329466	9606.ENSP00000287713	0.058	0	0	0	0.063	0	0.650	0.522	0.832
SIRT7	PPARG	9606.ENSP00000329466	9606.ENSP00000287820	0	0	0	0	0	0.078	0	0.556	0.573
SIRT7	CYCS	9606.ENSP00000329466	9606.ENSP00000307786	0	0	0	0	0.062	0	0	0.475	0.486
SIRT7	CLOCK	9606.ENSP00000329466	9606.ENSP00000308741	0	0	0	0	0	0.078	0	0.504	0.523
SIRT7	ADIPOQ	9606.ENSP00000329466	9606.ENSP00000389814	0	0	0	0	0	0	0	0.405	0.405
SIRT7	SIRT5	9606.ENSP00000329466	9606.ENSP00000476228	0	0	0.387	0.587	0.062	0	0	0.866	0.485
SIRT7	SIRT3	9606.ENSP00000329466	9606.ENSP00000372191	0	0	0.408	0.594	0.054	0	0	0.886	0.486
SIRT7	ARNTL	9606.ENSP00000329466	9606.ENSP00000384517	0	0	0	0	0	0.078	0	0.477	0.497
SIRT7	NMRK1	9606.ENSP00000329466	9606.ENSP00000354387	0	0	0	0	0	0.058	0	0.519	0.527
SIRT7	NMNAT3	9606.ENSP00000329466	9606.ENSP00000340523	0.058	0	0	0	0.063	0	0.650	0.555	0.844
SIRT7	NMNAT1	9606.ENSP00000329466	9606.ENSP00000366410	0.058	0	0	0	0.063	0	0.650	0.635	0.872
SIRT7	NNMT	9606.ENSP00000329466	9606.ENSP00000441434	0	0	0	0	0	0	0.900	0.454	0.943
TIMM13	COX19	9606.ENSP00000215570	9606.ENSP00000342015	0	0	0	0	0.062	0	0.900	0.770	0.976
TIMM13	COX17	9606.ENSP00000215570	9606.ENSP00000261070	0	0	0	0	0.143	0.133	0.900	0.786	0.982
TIMM13	GFER	9606.ENSP00000215570	9606.ENSP00000248114	0	0	0	0	0.086	0	0.900	0.856	0.985
TIMM13	CHCHD4	9606.ENSP00000215570	9606.ENSP00000295767	0	0	0	0	0.131	0.606	0.900	0.894	0.995
TIMM13	TIMM8B	9606.ENSP00000215570	9606.ENSP00000438455	0	0	0	0	0.755	0.939	0.800	0.781	0.999
TIMM13	TIMM8A	9606.ENSP00000215570	9606.ENSP00000361993	0	0	0	0.788	0.753	0.990	0.800	0.994	0.999
TIMM8A	TIMM13	9606.ENSP00000361993	9606.ENSP00000215570	0	0	0	0.788	0.753	0.990	0.800	0.994	0.999
TIMM8A	GFER	9606.ENSP00000361993	9606.ENSP00000248114	0	0	0	0	0.062	0	0.900	0.774	0.976
TIMM8A	COX17	9606.ENSP00000361993	9606.ENSP00000261070	0	0	0	0	0.168	0	0.900	0.677	0.970
TIMM8A	CHCHD4	9606.ENSP00000361993	9606.ENSP00000295767	0	0	0	0	0.118	0.376	0.900	0.875	0.992
TIMM8A	CYCS	9606.ENSP00000361993	9606.ENSP00000307786	0	0	0	0	0.213	0	0	0.344	0.462
TIMM8A	COX19	9606.ENSP00000361993	9606.ENSP00000342015	0	0	0	0	0.064	0	0.900	0.632	0.962
TIMM8A	TIMM8B	9606.ENSP00000361993	9606.ENSP00000438455	0	0	0	0.890	0.065	0	0.600	0.819	0.644
TIMM8B	TIMM13	9606.ENSP00000438455	9606.ENSP00000215570	0	0	0	0	0.755	0.939	0.800	0.781	0.999
TIMM8B	GFER	9606.ENSP00000438455	9606.ENSP00000248114	0	0	0	0	0.062	0	0.900	0.507	0.949
TIMM8B	COX17	9606.ENSP00000438455	9606.ENSP00000261070	0	0	0	0	0.241	0	0.900	0.485	0.957
TIMM8B	CHCHD4	9606.ENSP00000438455	9606.ENSP00000295767	0	0	0	0	0.113	0.166	0.900	0.647	0.970
TIMM8B	COX19	9606.ENSP00000438455	9606.ENSP00000342015	0	0	0	0	0.064	0	0.900	0.258	0.924
TIMM8B	TIMM8A	9606.ENSP00000438455	9606.ENSP00000361993	0	0	0	0.890	0.065	0	0.600	0.819	0.644
TLR4	DCN	9606.ENSP00000363089	9606.ENSP00000052754	0	0	0	0.574	0.062	0.066	0.800	0.462	0.845
TLR4	SIRT1	9606.ENSP00000363089	9606.ENSP00000212015	0	0	0	0	0	0.057	0	0.516	0.524
TLR4	RETN	9606.ENSP00000363089	9606.ENSP00000221515	0	0	0	0	0.111	0	0	0.988	0.989
TLR4	NAMPT	9606.ENSP00000363089	9606.ENSP00000222553	0	0	0	0	0.068	0	0	0.754	0.761
TLR4	CD38	9606.ENSP00000363089	9606.ENSP00000226279	0	0	0	0	0.083	0	0	0.403	0.429
TLR4	PPARGC1A	9606.ENSP00000363089	9606.ENSP00000264867	0	0	0	0	0	0.056	0	0.395	0.404
TLR4	PPARG	9606.ENSP00000363089	9606.ENSP00000287820	0	0	0	0	0.063	0.074	0	0.662	0.681
TLR4	CEBPB	9606.ENSP00000363089	9606.ENSP00000305422	0	0	0	0	0.097	0	0	0.612	0.635
TLR4	CYCS	9606.ENSP00000363089	9606.ENSP00000307786	0	0	0	0	0.062	0	0	0.469	0.480
TLR4	CCL19	9606.ENSP00000363089	9606.ENSP00000308815	0	0	0	0	0.080	0	0	0.456	0.478
TLR4	CALR	9606.ENSP00000363089	9606.ENSP00000320866	0	0	0	0	0	0.071	0	0.744	0.752
TLR4	HSPA5	9606.ENSP00000363089	9606.ENSP00000324173	0	0	0	0	0.049	0.102	0	0.390	0.433
TLR4	CCRL2	9606.ENSP00000363089	9606.ENSP00000349967	0	0	0	0	0.170	0	0	0.460	0.533
TLR4	CAP1	9606.ENSP00000363089	9606.ENSP00000361883	0	0	0	0	0.062	0.057	0	0.579	0.595
TLR4	CEBPA	9606.ENSP00000363089	9606.ENSP00000427514	0	0	0	0	0.092	0	0	0.391	0.423
TLR4	ADIPOQ	9606.ENSP00000363089	9606.ENSP00000389814	0	0	0	0	0.066	0	0	0.573	0.584
